Time,Data
0.0,0.14683055875070106
0.01001001001001001,0.25401548511918065
0.02002002002002002,0.4308003407056593
0.03003003003003003,-0.08204000240529484
0.04004004004004004,0.12516039106543217
0.050050050050050046,-0.03722506130069572
0.06006006006006006,0.014938804002264688
0.07007007007007007,0.10689362225475262
0.08008008008008008,0.29860141709600485
0.09009009009009009,0.5704588527371933
0.10010010010010009,0.013151027100211987
0.11011011011011011,0.11992071933833648
0.12012012012012012,0.5730930555516537
0.13013013013013014,0.3757864590886809
0.14014014014014015,0.6637368261247738
0.15015015015015015,0.4095469126761812
0.16016016016016016,0.1823098994755634
0.17017017017017017,0.25107778174592044
0.18018018018018017,0.20767958486822155
0.19019019019019018,0.34731845185717314
0.20020020020020018,0.455468715292
0.21021021021021022,0.8455862833408468
0.22022022022022023,0.6981902268929027
0.23023023023023023,0.6664084193170499
0.24024024024024024,0.5991138232136924
0.2502502502502503,0.7504732145239934
0.2602602602602603,0.9119095757719925
0.2702702702702703,0.5564562262280838
0.2802802802802803,1.085221390998839
0.2902902902902903,1.0400293665368905
0.3003003003003003,0.7671768621904943
0.3103103103103103,0.6129447586464003
0.3203203203203203,0.4516313409976092
0.3303303303303303,0.34557494881726114
0.34034034034034033,0.6096403560236923
0.35035035035035034,0.6888729965635096
0.36036036036036034,0.641814848373098
0.37037037037037035,1.253532390542464
0.38038038038038036,0.8755579911216717
0.39039039039039036,1.3163458419852172
0.40040040040040037,1.0046093476168514
0.41041041041041043,1.2986133340006314
0.42042042042042044,1.0695766742043165
0.43043043043043044,0.8811144215611182
0.44044044044044045,0.9749380771039178
0.45045045045045046,0.8104785939057686
0.46046046046046046,0.8004124803424204
0.47047047047047047,1.3978743396260198
0.4804804804804805,1.2641485756560056
0.4904904904904905,1.2181257587414573
0.5005005005005005,1.275025377912112
0.5105105105105106,1.1074110403353772
0.5205205205205206,0.9130059429106898
0.5305305305305306,0.8549516771100646
0.5405405405405406,1.2422880118109756
0.5505505505505506,1.4959245212938752
0.5605605605605606,1.554104155552102
0.5705705705705706,1.1482942713610944
0.5805805805805806,1.450100656753054
0.5905905905905906,1.5091568931001642
0.6006006006006006,1.4341366529612598
0.6106106106106106,1.2033665872659458
0.6206206206206206,1.707045200757307
0.6306306306306306,1.214958793954251
0.6406406406406406,1.7603281313263777
0.6506506506506506,1.5422147380962183
0.6606606606606606,1.282671530276215
0.6706706706706707,1.8745924161501086
0.6806806806806807,2.182565352009937
0.6906906906906907,1.6800643518802396
0.7007007007007007,1.7021779274512407
0.7107107107107107,1.7100022719488435
0.7207207207207207,1.8196297261617274
0.7307307307307307,1.5101625285991178
0.7407407407407407,1.9318537541558287
0.7507507507507507,1.759981569618288
0.7607607607607607,1.7386565010607482
0.7707707707707707,1.9911425663065463
0.7807807807807807,1.8518420469807428
0.7907907907907907,1.606003993269294
0.8008008008008007,1.9007511794957366
0.8108108108108109,1.691406770784789
0.8208208208208209,1.9010913435025873
0.8308308308308309,2.1481218144640324
0.8408408408408409,1.6780548206300219
0.8508508508508509,1.6997696195172984
0.8608608608608609,1.621039758012744
0.8708708708708709,2.1300755620441367
0.8808808808808809,2.24558264465503
0.8908908908908909,1.7867785862166576
0.9009009009009009,1.8393278365143273
0.9109109109109109,2.263135715852792
0.9209209209209209,1.9553670462169321
0.9309309309309309,1.8050872133086857
0.9409409409409409,1.6921843022035228
0.950950950950951,2.1993674010162803
0.960960960960961,2.156192514864881
0.970970970970971,1.8206813332489062
0.980980980980981,2.271990946342768
0.990990990990991,2.2318495705514505
1.001001001001001,2.307984834497582
1.011011011011011,2.1189320203707096
1.021021021021021,2.1917659125634974
1.031031031031031,1.9791960949216896
1.0410410410410411,2.0608281207032224
1.0510510510510511,2.2766060088812172
1.0610610610610611,2.5408757889355917
1.0710710710710711,2.009097475162711
1.0810810810810811,2.256773684931533
1.0910910910910911,2.2111478858256413
1.1011011011011012,2.236436355101806
1.1111111111111112,2.4052907747925656
1.1211211211211212,2.2852865183458073
1.1311311311311312,2.437402339437998
1.1411411411411412,2.293318059683369
1.1511511511511512,2.224835583867907
1.1611611611611612,2.543458864944388
1.1711711711711712,2.3512947416096033
1.1811811811811812,2.6831894057438235
1.1911911911911912,2.4824840515522495
1.2012012012012012,2.5414142933875365
1.2112112112112112,2.6319049096190503
1.2212212212212212,2.31637303899207
1.2312312312312312,2.240053330684102
1.2412412412412412,2.2557433685483974
1.2512512512512513,2.788030936403623
1.2612612612612613,2.9354908455431823
1.2712712712712713,2.7057597180780166
1.2812812812812813,2.809856462122988
1.2912912912912913,2.475624008499582
1.3013013013013013,2.6377649869304185
1.3113113113113113,1.9339492231284972
1.3213213213213213,2.561070235193786
1.3313313313313313,2.5897805944607097
1.3413413413413413,2.8342583930565284
1.3513513513513513,2.786372063967267
1.3613613613613613,2.6754459415592367
1.3713713713713713,2.5238640626319064
1.3813813813813813,2.581149185317432
1.3913913913913913,2.2119716702952097
1.4014014014014013,2.6401290510781688
1.4114114114114114,2.7261959389868102
1.4214214214214214,2.519250741223839
1.4314314314314314,2.941748326960396
1.4414414414414414,2.584690653585513
1.4514514514514514,2.8494547700399355
1.4614614614614614,2.7850004010680363
1.4714714714714714,2.6904415556496253
1.4814814814814814,2.962312489689934
1.4914914914914914,2.7230814829519505
1.5015015015015014,2.7632274403413395
1.5115115115115114,2.859042301330926
1.5215215215215214,2.6834567401371707
1.5315315315315314,2.531336859802895
1.5415415415415414,2.5705428288028056
1.5515515515515514,2.978192588531359
1.5615615615615615,2.8819597929300063
1.5715715715715715,2.9289615413107684
1.5815815815815815,2.4183237506139625
1.5915915915915915,2.4335721782749813
1.6016016016016015,2.3698794443420312
1.6116116116116117,2.506647482585536
1.6216216216216217,2.434047153653493
1.6316316316316317,2.9583103032753777
1.6416416416416417,2.714973927663526
1.6516516516516517,2.648949438145026
1.6616616616616617,2.842807566490474
1.6716716716716717,2.7990704933337343
1.6816816816816818,2.596689960593021
1.6916916916916918,3.179158784907695
1.7017017017017018,2.9256058187276293
1.7117117117117118,2.43944864885164
1.7217217217217218,2.705916691865327
1.7317317317317318,3.0458397339621768
1.7417417417417418,3.2510041629537603
1.7517517517517518,3.176543713813882
1.7617617617617618,2.6211002868052375
1.7717717717717718,2.5880482940698832
1.7817817817817818,2.7331560958172503
1.7917917917917918,2.8283004190255245
1.8018018018018018,2.6623672690243643
1.8118118118118118,2.8557791275886806
1.8218218218218218,2.5915510433015574
1.8318318318318318,2.9059197354985438
1.8418418418418419,2.8771816763770324
1.8518518518518519,2.8917915682001274
1.8618618618618619,2.324305172584033
1.8718718718718719,2.6357429885435035
1.8818818818818819,2.796603299757482
1.8918918918918919,2.668839219482078
1.901901901901902,2.426023609982244
1.911911911911912,2.757572121455414
1.921921921921922,2.9123235063599178
1.931931931931932,2.5038340689903538
1.941941941941942,2.3339180649229356
1.951951951951952,2.7670245332832413
1.961961961961962,2.690191308268843
1.971971971971972,2.7119835887344497
1.981981981981982,2.9810280869095993
1.991991991991992,2.798409670114299
2.002002002002002,2.65600700234013
2.012012012012012,2.5124013260982316
2.022022022022022,2.5220862878949655
2.032032032032032,2.6393162807020123
2.042042042042042,2.6006632690330105
2.052052052052052,2.8359477973581244
2.062062062062062,2.5743913776949734
2.0720720720720722,2.732165935045428
2.0820820820820822,2.581116939569221
2.0920920920920922,2.5403027077263163
2.1021021021021022,2.5080587482342724
2.1121121121121122,2.484625836215462
2.1221221221221223,2.607818135842186
2.1321321321321323,2.5099167889408274
2.1421421421421423,2.527889851210215
2.1521521521521523,2.6577308875637033
2.1621621621621623,2.4013198551668693
2.1721721721721723,2.2832633174441357
2.1821821821821823,2.5460255658249658
2.1921921921921923,2.45499846567267
2.2022022022022023,2.4227683094429255
2.2122122122122123,2.426893883938757
2.2222222222222223,2.6001151454844735
2.2322322322322323,2.198437855689056
2.2422422422422423,2.4615903158119368
2.2522522522522523,2.387899294326167
2.2622622622622623,2.5475294083298907
2.2722722722722724,2.7763286652839336
2.2822822822822824,2.6522742154683767
2.2922922922922924,2.486166490149852
2.3023023023023024,2.4249315968294085
2.3123123123123124,2.395123227453517
2.3223223223223224,2.512377897576404
2.3323323323323324,2.273055871857289
2.3423423423423424,2.589715561949123
2.3523523523523524,2.2587684726843764
2.3623623623623624,2.175072185154969
2.3723723723723724,2.417044686656255
2.3823823823823824,1.9357672701431177
2.3923923923923924,1.9720989504309265
2.4024024024024024,2.4598092928589614
2.4124124124124124,2.387060627109921
2.4224224224224224,2.27729660205168
2.4324324324324325,2.238908400906858
2.4424424424424425,2.1117526400143416
2.4524524524524525,2.0946084921783186
2.4624624624624625,2.238343977963736
2.4724724724724725,2.0652484768442267
2.4824824824824825,2.360961451449373
2.4924924924924925,2.159892435487855
2.5025025025025025,2.1369449972651737
2.5125125125125125,2.325557170403492
2.5225225225225225,2.0989174851282475
2.5325325325325325,2.1598191924545187
2.5425425425425425,2.0657407191676787
2.5525525525525525,1.9469472961564729
2.5625625625625625,2.292191400806863
2.5725725725725725,2.237547107644199
2.5825825825825826,2.4132291641631123
2.5925925925925926,2.0439070102655594
2.6026026026026026,1.8423908288151254
2.6126126126126126,1.591886575628537
2.6226226226226226,2.1045098693910678
2.6326326326326326,2.0238112743157886
2.6426426426426426,1.7350679284938004
2.6526526526526526,1.744344024315779
2.6626626626626626,1.8792260269806518
2.6726726726726726,1.6885174664978924
2.6826826826826826,1.9569271409133395
2.6926926926926926,2.3152584018579905
2.7027027027027026,1.9137314128128255
2.7127127127127126,1.6361026873355238
2.7227227227227226,2.1425935851729125
2.7327327327327327,1.7429764262021206
2.7427427427427427,1.890133842325793
2.7527527527527527,1.9517487618770883
2.7627627627627627,2.098117827413487
2.7727727727727727,1.4384868481289743
2.7827827827827827,2.048019848773835
2.7927927927927927,1.4225536031282626
2.8028028028028027,1.3523138573049265
2.8128128128128127,1.4588379567067378
2.8228228228228227,1.3277094330120254
2.8328328328328327,1.5979728138351048
2.8428428428428427,1.7614089375781068
2.8528528528528527,1.1227043916287756
2.8628628628628627,1.58695247946984
2.8728728728728727,1.834107160332401
2.8828828828828827,1.2756974705151622
2.8928928928928928,1.4405132233315623
2.9029029029029028,1.138408163208004
2.9129129129129128,1.5225685915563822
2.9229229229229228,1.252685252359071
2.932932932932933,1.3716506047279837
2.942942942942943,1.192191759849778
2.952952952952953,1.3953265620522024
2.962962962962963,1.3758727778730178
2.972972972972973,1.2722409633136877
2.982982982982983,1.3044169475805474
2.992992992992993,1.475649108058618
3.003003003003003,1.4838430233694968
3.013013013013013,1.6214117915874042
3.023023023023023,1.1119951021447694
3.033033033033033,1.3881450723054989
3.043043043043043,1.4103553142597285
3.053053053053053,0.8750585172252504
3.063063063063063,0.8740690811269294
3.073073073073073,0.9571678293275243
3.083083083083083,1.2926594559016906
3.093093093093093,1.0009206863389835
3.103103103103103,1.2423855271319102
3.113113113113113,1.1190759819539584
3.123123123123123,0.8979384431978522
3.133133133133133,0.8454967691203009
3.143143143143143,1.162324511824391
3.153153153153153,1.0185800285694515
3.163163163163163,0.6900030622838877
3.173173173173173,0.892238475627754
3.183183183183183,1.0694138981094699
3.193193193193193,0.7750904096142737
3.203203203203203,0.9527682045455886
3.2132132132132134,0.8505375693350796
3.2232232232232234,0.986708885250403
3.2332332332332334,0.8096763931958626
3.2432432432432434,0.569475453057903
3.2532532532532534,0.7255258141501734
3.2632632632632634,0.8715890017089352
3.2732732732732734,0.9750914441345288
3.2832832832832834,0.9666094760339969
3.2932932932932935,0.8059396474763991
3.3033033033033035,0.769529713833125
3.3133133133133135,0.5565988223918381
3.3233233233233235,0.9747637672470209
3.3333333333333335,0.9700328243658509
3.3433433433433435,0.7206104744846381
3.3533533533533535,0.5264174717940056
3.3633633633633635,0.3542440316950115
3.3733733733733735,0.4995985214699512
3.3833833833833835,0.2866514352296725
3.3933933933933935,0.5709359907875061
3.4034034034034035,0.13631446064511976
3.4134134134134135,0.45549373899318185
3.4234234234234235,0.15100049272534477
3.4334334334334335,0.0863461844396598
3.4434434434434436,0.49411543958556575
3.4534534534534536,0.23797220076863496
3.4634634634634636,0.03843064232962268
3.4734734734734736,0.15197015086379295
3.4834834834834836,0.4824940842419406
3.4934934934934936,0.2781421403286606
3.5035035035035036,0.521472200265695
3.5135135135135136,0.3766076762255081
3.5235235235235236,0.09251048072689205
3.5335335335335336,0.456230957357111
3.5435435435435436,0.18345654346688806
3.5535535535535536,0.02485616482380773
3.5635635635635636,-0.1445960259663393
3.5735735735735736,0.08715947296910304
3.5835835835835836,-0.145403264593239
3.5935935935935936,0.26712827841653675
3.6036036036036037,0.6773232489623184
3.6136136136136137,-0.1668884741164691
3.6236236236236237,-0.039040393505024196
3.6336336336336337,0.1685045929810107
3.6436436436436437,0.22166849511214431
3.6536536536536537,-0.09309206836912354
3.6636636636636637,0.10216417701106181
3.6736736736736737,-0.041629862478543556
3.6836836836836837,-0.3126344035518783
3.6936936936936937,-0.046191876344127664
3.7037037037037037,-0.2750867174117888
3.7137137137137137,-0.14000680255537468
3.7237237237237237,-0.37894900449561564
3.7337337337337337,-0.19653974178455633
3.7437437437437437,-0.20545856299296822
3.7537537537537538,-0.2983929552320814
3.7637637637637638,-0.24016310803812127
3.7737737737737738,-0.17405635275140813
3.7837837837837838,0.062467799877841124
3.793793793793794,0.16029478408063502
3.803803803803804,-0.43714696958836563
3.813813813813814,-0.14909663289148378
3.823823823823824,-0.34881247077235444
3.833833833833834,-0.1000490102322831
3.843843843843844,-0.5017278333097455
3.853853853853854,-0.1246616973117578
3.863863863863864,-0.4944583080795622
3.873873873873874,-0.45169689606877017
3.883883883883884,-0.3113164540097526
3.893893893893894,-0.45644795762011203
3.903903903903904,-0.6197261586926442
3.913913913913914,-0.760058939180846
3.923923923923924,-0.5638545428717421
3.933933933933934,-0.4844485702903618
3.943943943943944,-0.2765067486453041
3.953953953953954,-0.5949389487744164
3.963963963963964,-0.47991791506414266
3.973973973973974,-0.374495634843951
3.983983983983984,-0.4361369188243752
3.993993993993994,-0.89627842669738
4.004004004004004,-0.8820334314729994
4.014014014014014,-0.5968296207570749
4.024024024024024,-0.9362384639519277
4.034034034034034,-0.6203724712326234
4.044044044044044,-0.6056954035163528
4.054054054054054,-1.1266920710090742
4.064064064064064,-0.6433031470245368
4.074074074074074,-0.7718252964801702
4.084084084084084,-0.775212463951072
4.094094094094094,-0.8478963891271866
4.104104104104104,-1.041492706453639
4.114114114114114,-0.7181882839213491
4.124124124124124,-0.4521182412117192
4.134134134134134,-0.8479711552466431
4.1441441441441444,-1.0841543093224884
4.1541541541541545,-1.0039335734519192
4.1641641641641645,-0.9960720686435243
4.1741741741741745,-1.183132579229208
4.1841841841841845,-0.9359496077243561
4.1941941941941945,-0.8573699554622496
4.2042042042042045,-0.7974861756876155
4.2142142142142145,-0.7763583886161017
4.2242242242242245,-0.7174207832751156
4.2342342342342345,-0.7520328668423826
4.2442442442442445,-1.2778962047525129
4.2542542542542545,-0.551638321016509
4.2642642642642645,-1.093835135377108
4.2742742742742745,-0.9497341304594774
4.2842842842842845,-0.8479162449014036
4.2942942942942945,-1.315044081959105
4.3043043043043046,-0.9886767869431536
4.314314314314315,-0.8697638811982336
4.324324324324325,-1.1133571532170026
4.334334334334335,-0.9322583466125366
4.344344344344345,-0.677943041618259
4.354354354354355,-1.3392733792624447
4.364364364364365,-0.7827531852623683
4.374374374374375,-0.8284060510031989
4.384384384384385,-1.0333351157233135
4.394394394394395,-1.0683695230351373
4.404404404404405,-0.8137882463119019
4.414414414414415,-1.0526188062990431
4.424424424424425,-0.8625266316152167
4.434434434434435,-1.043498527619113
4.444444444444445,-0.9480760364496875
4.454454454454455,-1.0178045893634946
4.464464464464465,-1.317989555992555
4.474474474474475,-1.0967294227739328
4.484484484484485,-1.078267406398904
4.494494494494495,-1.4870853586424215
4.504504504504505,-1.0214438709228402
4.514514514514515,-1.29993250083744
4.524524524524525,-0.8948290364973828
4.534534534534535,-1.0239856378370589
4.544544544544545,-1.454522856641121
4.554554554554555,-1.4394013733510382
4.564564564564565,-1.118133529879558
4.574574574574575,-1.525743677244324
4.584584584584585,-1.2486620039580458
4.594594594594595,-1.5145691420844485
4.604604604604605,-1.3969435092783935
4.614614614614615,-1.2099297688053254
4.624624624624625,-1.3494148862668272
4.634634634634635,-1.4842305573859862
4.644644644644645,-1.36164973858553
4.654654654654655,-1.1649017713320222
4.664664664664665,-1.042282804619975
4.674674674674675,-1.0710478973731026
4.684684684684685,-1.2685722263265644
4.694694694694695,-1.198587226721409
4.704704704704705,-1.221061034786565
4.714714714714715,-1.6796827233527711
4.724724724724725,-1.4513844305910468
4.734734734734735,-1.196833708247013
4.744744744744745,-1.4780146987257292
4.754754754754755,-1.4300319696105106
4.764764764764765,-1.3332058636203508
4.774774774774775,-1.3706787268731033
4.784784784784785,-1.2024341105293224
4.794794794794795,-1.3369280831266426
4.804804804804805,-1.5085068632734786
4.814814814814815,-1.3691850000988026
4.824824824824825,-1.3492571629613306
4.834834834834835,-1.549759879147112
4.844844844844845,-0.875298955478661
4.854854854854855,-1.3947113958990096
4.864864864864865,-1.076894662773205
4.874874874874875,-1.3193406450660616
4.884884884884885,-1.5063662418777952
4.894894894894895,-1.4348077474101937
4.904904904904905,-1.4099713808846177
4.914914914914915,-1.1099716684458052
4.924924924924925,-1.4624658422234458
4.934934934934935,-1.0964288258839674
4.944944944944945,-1.2323110924951113
4.954954954954955,-1.5489042169441491
4.964964964964965,-1.1435200487432207
4.974974974974975,-1.5371721836655052
4.984984984984985,-1.220702969107278
4.994994994994995,-1.4465147523112656
5.005005005005005,-1.4923395112631683
5.015015015015015,-1.4409147008593501
5.025025025025025,-1.5595828224449768
5.035035035035035,-1.3324021627236111
5.045045045045045,-1.3416642938473637
5.055055055055055,-1.194081197478902
5.065065065065065,-1.3200654166153734
5.075075075075075,-1.3368590674683185
5.085085085085085,-1.1646166332589416
5.095095095095095,-1.1500322094613915
5.105105105105105,-1.1674271549767432
5.115115115115115,-1.0291635308580322
5.125125125125125,-1.5938090576969857
5.135135135135135,-1.1065045773327762
5.145145145145145,-1.328040674691887
5.155155155155155,-1.1940824292032597
5.165165165165165,-1.63966980616821
5.175175175175175,-1.235710850353725
5.185185185185185,-1.3957853486982825
5.195195195195195,-1.0284822038957242
5.205205205205205,-1.03977905453338
5.215215215215215,-1.4850277899407314
5.225225225225225,-1.0317039320895585
5.235235235235235,-1.066962569867909
5.245245245245245,-1.1141931220088792
5.255255255255255,-1.0653510024016775
5.265265265265265,-1.4754550332022796
5.275275275275275,-1.0984471353410563
5.285285285285285,-1.196499310261067
5.295295295295295,-1.0352504353523264
5.305305305305305,-1.185249611581975
5.315315315315315,-1.3578503922745329
5.325325325325325,-0.8312248056127514
5.335335335335335,-0.8795361998253937
5.345345345345345,-1.2569953047115012
5.355355355355355,-1.0556783394056706
5.365365365365365,-1.5097170470579808
5.375375375375375,-1.0144732693961038
5.385385385385385,-1.185795923129786
5.395395395395395,-1.1601955764606546
5.405405405405405,-1.1483879811442208
5.415415415415415,-0.9731861755744531
5.425425425425425,-1.1219832754172296
5.435435435435435,-1.26872422503347
5.445445445445445,-1.1808756895783985
5.455455455455455,-1.1602830921858311
5.465465465465465,-1.1599498260891714
5.475475475475475,-1.021183653072441
5.485485485485485,-1.103376415125788
5.495495495495495,-1.224956241612752
5.505505505505505,-1.0062809457391328
5.515515515515515,-0.8409229781446845
5.525525525525525,-0.8713725244000465
5.535535535535535,-1.0240762487345965
5.545545545545545,-0.8553175658587324
5.555555555555555,-1.1314753820244414
5.565565565565565,-0.6440600402424639
5.575575575575575,-1.158128883754731
5.585585585585585,-0.7358657056300772
5.595595595595595,-0.9901905744425842
5.605605605605605,-0.6948886871520814
5.615615615615615,-0.958747184925062
5.625625625625625,-1.0254809745194673
5.635635635635635,-0.9399765260221645
5.645645645645645,-0.8956812785264208
5.655655655655655,-0.7800318639365071
5.665665665665665,-0.8821306664404791
5.675675675675675,-0.7609923635417541
5.685685685685685,-0.5889700914391818
5.6956956956956954,-0.46577753867819915
5.7057057057057055,-0.6905121398282722
5.7157157157157155,-0.6975888064744182
5.7257257257257255,-1.1288141348688878
5.7357357357357355,-1.1842697416485057
5.7457457457457455,-0.7135278991289403
5.7557557557557555,-0.9430583105335332
5.7657657657657655,-0.7025503767168249
5.7757757757757755,-0.8964562812438617
5.7857857857857855,-0.5877820082559365
5.7957957957957955,-0.8110773316370112
5.8058058058058055,-0.7733539868639803
5.8158158158158155,-0.6869322496727508
5.8258258258258255,-0.6541488089648486
5.8358358358358355,-0.4743845551402068
5.8458458458458455,-0.6547395197624262
5.8558558558558556,-0.5000034305034815
5.865865865865866,-0.786314590796795
5.875875875875876,-0.46912719171534173
5.885885885885886,-0.34123165561144886
5.895895895895896,-0.18594670886448672
5.905905905905906,-0.4658417427507681
5.915915915915916,-0.7593776391993474
5.925925925925926,-0.5078619893899412
5.935935935935936,-0.9018063602719224
5.945945945945946,-0.24116213820852778
5.955955955955956,-0.5758839634347453
5.965965965965966,-0.34694599102921214
5.975975975975976,-0.3529087095257885
5.985985985985986,-0.4131287739910424
5.995995995995996,-0.4835281408997839
6.006006006006006,-0.4871837494554894
6.016016016016016,-0.3217193257052246
6.026026026026026,-0.00021413876846976265
6.036036036036036,-0.3634138976069439
6.046046046046046,-0.06745955808302356
6.056056056056056,-0.2785594564603364
6.066066066066066,-0.71785217933438
6.076076076076076,-0.3558326224006502
6.086086086086086,-0.5589244019902921
6.096096096096096,-0.16394084812759158
6.106106106106106,-0.493610500393736
6.116116116116116,-0.3145940654757091
6.126126126126126,-0.5143629204065936
6.136136136136136,-0.2725418121584128
6.146146146146146,-0.4338742538776444
6.156156156156156,-0.428585486919631
6.166166166166166,0.009565754333498072
6.176176176176176,-0.2744463187140409
6.186186186186186,-0.026819253625763734
6.196196196196196,0.0586430126040029
6.206206206206206,-0.12355744235295116
6.216216216216216,-0.16599288690661596
6.226226226226226,0.1213935583457045
6.236236236236236,-0.36102646689758605
6.246246246246246,0.14204016764557847
6.256256256256256,0.0062056590365893866
6.266266266266266,-0.1825425250432078
6.276276276276276,-0.20287688439705287
6.286286286286286,-0.25300479325685005
6.296296296296296,-0.09790621305569672
6.306306306306306,-0.013583780942429548
6.316316316316316,-0.19394015615743893
6.326326326326326,-0.09849967474173993
6.336336336336336,0.09273510890103126
6.346346346346346,0.045684746667097396
6.356356356356356,-0.218387612389591
6.366366366366366,-0.24956070151090332
6.376376376376376,0.08570972111880312
6.386386386386386,0.42480446517875325
6.396396396396396,0.21906655933655794
6.406406406406406,0.20920116992195048
6.416416416416417,-0.07356748916700889
6.426426426426427,0.3049781178240406
6.436436436436437,0.39176063802658834
6.446446446446447,0.25272937925552363
6.456456456456457,0.4301057294598464
6.466466466466467,0.16910075518920753
6.476476476476477,0.10477100900770461
6.486486486486487,0.4142719907435066
6.496496496496497,0.5313317896979945
6.506506506506507,0.07913511025432501
6.516516516516517,0.30075861971081463
6.526526526526527,0.3470521653450973
6.536536536536537,0.37736822574028767
6.546546546546547,0.20673655316277606
6.556556556556557,0.3457930862108046
6.566566566566567,-0.04420060027886813
6.576576576576577,0.17812036779400126
6.586586586586587,0.48485977395661545
6.596596596596597,0.7003931803752149
6.606606606606607,0.7228549389296818
6.616616616616617,0.5122476003159513
6.626626626626627,0.2571818995354932
6.636636636636637,-0.08400260049076502
6.646646646646647,0.7008920694597687
6.656656656656657,0.42021814868371377
6.666666666666667,0.5022070294244405
6.676676676676677,0.5114675314507997
6.686686686686687,0.6363524733288117
6.696696696696697,0.8238946128480997
6.706706706706707,0.9607783470477786
6.716716716716717,1.0493874211372463
6.726726726726727,0.9776486145731043
6.736736736736737,0.47757172018233246
6.746746746746747,0.5725286439581492
6.756756756756757,0.7006121436558751
6.766766766766767,0.7846325636995832
6.776776776776777,0.29143388202370457
6.786786786786787,0.8185546422150927
6.796796796796797,0.5389114935201725
6.806806806806807,0.8060657828469164
6.816816816816817,0.7949191956021925
6.826826826826827,0.621123033219543
6.836836836836837,1.0582354428107978
6.846846846846847,1.1355455835792612
6.856856856856857,0.4655065925611305
6.866866866866867,0.4492600761396093
6.876876876876877,0.5729555000457514
6.886886886886887,0.8910118179613269
6.896896896896897,1.119212230722723
6.906906906906907,0.6373971010841287
6.916916916916917,0.8774099856756854
6.926926926926927,1.1585119042852758
6.936936936936937,0.8388433490647699
6.946946946946947,0.7156803146206707
6.956956956956957,0.9736900919245591
6.966966966966967,1.0565804396177907
6.976976976976977,0.8678393851502432
6.986986986986987,0.9480263050201065
6.996996996996997,0.878217526805942
7.007007007007007,0.5270961679192526
7.017017017017017,1.0129483139139233
7.027027027027027,1.0856726320964585
7.037037037037037,1.1355129137112407
7.047047047047047,0.8535111613318159
7.057057057057057,0.9591867066940986
7.067067067067067,0.9592662934897571
7.077077077077077,1.0326921841289092
7.087087087087087,1.139015763514913
7.097097097097097,1.276600013649169
7.107107107107107,1.066773635635422
7.117117117117117,0.834860326740732
7.127127127127127,0.7272146628960607
7.137137137137137,1.2177502678764633
7.147147147147147,1.5824263153252782
7.157157157157157,0.9188023194563806
7.167167167167167,1.3342233613819445
7.177177177177177,1.2765025939823216
7.187187187187187,1.1224194283498838
7.197197197197197,1.2295227047319544
7.207207207207207,0.9938527808020862
7.217217217217217,0.6622906142135365
7.227227227227227,1.2690445853625114
7.237237237237237,1.3494624406120888
7.247247247247247,1.2453920947869155
7.257257257257257,1.1623904670514897
7.267267267267267,1.3833287113216066
7.277277277277277,1.4884579049910989
7.287287287287287,1.0390949036490515
7.297297297297297,1.6834848636884798
7.307307307307307,1.1728118333684399
7.317317317317317,1.134286952126004
7.327327327327327,1.213767603971731
7.337337337337337,1.1307103191149372
7.347347347347347,1.2509443125511226
7.357357357357357,1.3735596505097396
7.367367367367367,1.3214786550138942
7.377377377377377,1.2611783550842117
7.387387387387387,1.2704837082418108
7.397397397397397,1.3242618929915202
7.407407407407407,1.0269294078090467
7.4174174174174174,1.330877032672266
7.4274274274274275,1.1177115177760246
7.4374374374374375,1.1430667993865882
7.4474474474474475,1.2509496203049388
7.4574574574574575,1.128736137957382
7.4674674674674675,1.3900467896501487
7.4774774774774775,1.0629633331082553
7.4874874874874875,1.4844865167672943
7.4974974974974975,0.9928786031598315
7.5075075075075075,1.2700412715097527
7.5175175175175175,1.2032158628896275
7.5275275275275275,1.3126797298263413
7.5375375375375375,1.2546077005977039
7.5475475475475475,1.4231738984133728
7.5575575575575575,1.1590878176022772
7.5675675675675675,1.5265601899856664
7.5775775775775776,1.3205915429171273
7.587587587587588,1.0812666457480458
7.597597597597598,1.0065376264141679
7.607607607607608,1.1461290610161257
7.617617617617618,1.6028760953190027
7.627627627627628,1.4766775123494733
7.637637637637638,1.288284522446545
7.647647647647648,1.7513134306567577
7.657657657657658,1.0556800314952892
7.667667667667668,1.4480968481791918
7.677677677677678,1.3437677240444141
7.687687687687688,1.4760904616663861
7.697697697697698,1.0288368563028896
7.707707707707708,1.4166115990640613
7.717717717717718,1.1889355951448772
7.727727727727728,1.116063595162904
7.737737737737738,1.434077304948704
7.747747747747748,1.3664631048539262
7.757757757757758,0.9846942707766754
7.767767767767768,1.215391089279302
7.777777777777778,1.516305810964575
7.787787787787788,0.9323524937860002
7.797797797797798,1.2451673895824489
7.807807807807808,1.2641042375992038
7.817817817817818,1.1235964769310545
7.827827827827828,1.3550151291557255
7.837837837837838,1.3466318397460018
7.847847847847848,1.213853944303437
7.857857857857858,1.0735727710936205
7.867867867867868,1.1545535929942121
7.877877877877878,1.076388318781092
7.887887887887888,1.0193136736369586
7.897897897897898,1.2515679111274085
7.907907907907908,1.4563329543356645
7.917917917917918,1.143870478997759
7.927927927927928,1.0695392785070528
7.937937937937938,1.142082449423335
7.947947947947948,1.3419974003091588
7.957957957957958,1.2874980145747768
7.967967967967968,1.2449422792334657
7.977977977977978,1.4733004191513035
7.987987987987988,1.4358485036368047
7.997997997997998,1.2282477240028014
8.008008008008009,1.5432445960658698
8.018018018018019,1.2575912876721558
8.028028028028029,1.0394948846772836
8.038038038038039,0.8235346039752494
8.048048048048049,1.3172478961317116
8.058058058058059,1.351147535820309
8.068068068068069,1.3507002517906037
8.078078078078079,0.8011439800057503
8.088088088088089,1.0817714332333377
8.098098098098099,0.9017356455353265
8.108108108108109,0.9083026943589416
8.118118118118119,1.2457848834409817
8.128128128128129,0.9817514787260179
8.138138138138139,0.96403828731613
8.148148148148149,1.03826184832259
8.158158158158159,1.4700379608314231
8.168168168168169,1.0911812018680334
8.178178178178179,1.0742603846906627
8.188188188188189,1.1294580282122726
8.198198198198199,1.1097136933230267
8.208208208208209,1.1332530310084363
8.218218218218219,1.2346774289025433
8.228228228228229,0.9361557176074045
8.238238238238239,0.7735888588699947
8.248248248248249,1.022116510184354
8.258258258258259,1.0388578186938984
8.268268268268269,0.8266084997307599
8.278278278278279,0.9477711021606048
8.288288288288289,0.5414732137628202
8.298298298298299,0.6837391922103822
8.308308308308309,0.7193704799381844
8.318318318318319,0.782523923777263
8.328328328328329,0.891488871211439
8.338338338338339,0.5191681044654692
8.348348348348349,0.5356954397178619
8.358358358358359,0.9891050370254378
8.368368368368369,0.635007374702678
8.378378378378379,0.7722304227242965
8.388388388388389,1.071036799720506
8.398398398398399,0.4113791446886242
8.408408408408409,0.7468298698383993
8.418418418418419,0.8538432290120826
8.428428428428429,0.7310343228170385
8.438438438438439,1.1217069302863483
8.448448448448449,0.7122679217967435
8.458458458458459,0.7423350987334233
8.468468468468469,0.6400137788956772
8.478478478478479,0.659556870276859
8.488488488488489,0.4432232783788789
8.498498498498499,0.5693162242727268
8.508508508508509,0.6855585324554595
8.518518518518519,0.5410437837531414
8.528528528528529,0.771117558900551
8.538538538538539,0.5441700045412232
8.548548548548549,0.35053064972373
8.558558558558559,0.5715105507529583
8.568568568568569,0.5153866611743604
8.578578578578579,0.3137928699416944
8.588588588588589,0.3797070154084197
8.598598598598599,0.41618763182450147
8.608608608608609,0.49813407118627073
8.618618618618619,0.44863720394950346
8.62862862862863,0.20653864853375548
8.63863863863864,0.7350596686262164
8.64864864864865,0.5729077007188031
8.65865865865866,0.6405420615501468
8.66866866866867,0.5822050136698895
8.67867867867868,0.544529130208102
8.68868868868869,0.43673696536912804
8.6986986986987,0.466189803116989
8.70870870870871,0.47551526217909756
8.71871871871872,0.8584599386290988
8.72872872872873,0.40001946896411916
8.73873873873874,0.3074239878182581
8.74874874874875,0.5556241449713859
8.75875875875876,0.6107530887472978
8.76876876876877,0.3009899763924249
8.77877877877878,0.26869667780591333
8.78878878878879,0.22366557180749905
8.7987987987988,0.3605617719664058
8.80880880880881,0.055833970611557066
8.81881881881882,0.0635096836207032
8.82882882882883,0.14779383773359386
8.83883883883884,-0.009805696304298978
8.84884884884885,0.22007457399265745
8.85885885885886,0.238881708443131
8.86886886886887,-0.09264734372747463
8.87887887887888,-0.0921415922445245
8.88888888888889,-0.05520586696392911
8.8988988988989,0.0571938815418427
8.90890890890891,0.24978293882277866
8.91891891891892,-0.17807360116282173
8.92892892892893,-0.2734283646731078
8.93893893893894,0.2961052518264756
8.94894894894895,0.3427635308531259
8.95895895895896,-0.4795986449999119
8.96896896896897,-0.07056498095601708
8.97897897897898,0.008230735572893028
8.98898898898899,-0.29095755910580035
8.998998998999,-0.31784409825152254
9.00900900900901,0.017790227342751486
9.01901901901902,-0.20294468859879905
9.02902902902903,0.053613798422619374
9.03903903903904,-0.5372569367535001
9.04904904904905,-0.4110982117418319
9.05905905905906,-0.394686863073588
9.06906906906907,-0.19289076945353298
9.07907907907908,-0.3344822908529472
9.08908908908909,-0.5358062425034973
9.0990990990991,-0.2356461846346738
9.10910910910911,-0.39263044262082547
9.11911911911912,-0.3133663805109301
9.12912912912913,-0.5062722466796835
9.13913913913914,-0.6132608755463429
9.14914914914915,-0.6359588896545105
9.15915915915916,-0.10134772435968686
9.16916916916917,-0.5283077607989273
9.17917917917918,-0.3674798353414934
9.18918918918919,-0.5765150836513724
9.1991991991992,-0.16097107929188004
9.20920920920921,-0.9431223194365308
9.21921921921922,-0.6965119005918909
9.22922922922923,-0.37891775422269913
9.23923923923924,-0.536203673341405
9.24924924924925,-0.8960740256264218
9.25925925925926,-0.573154713937143
9.26926926926927,-0.7721668131863682
9.27927927927928,-1.0504816524707203
9.28928928928929,-0.37793375062524637
9.2992992992993,-0.6637549514122041
9.30930930930931,-0.6737074410420586
9.31931931931932,-0.5471699381278496
9.32932932932933,-0.5276826523955463
9.33933933933934,-0.6955049851806114
9.34934934934935,-0.609743077532605
9.35935935935936,-0.7067622981538138
9.36936936936937,-0.8120849736116642
9.37937937937938,-0.8894052689066357
9.38938938938939,-0.8762924853996101
9.3993993993994,-0.6748800380596597
9.40940940940941,-0.8555577323986685
9.41941941941942,-0.9502561511371824
9.42942942942943,-1.0665268500078477
9.43943943943944,-1.4228800664730563
9.44944944944945,-0.8276364619589635
9.45945945945946,-1.0366471758485964
9.46946946946947,-1.060516578625432
9.47947947947948,-1.019034473315941
9.48948948948949,-1.1897419297623135
9.4994994994995,-1.199467219417087
9.50950950950951,-1.393185732903252
9.51951951951952,-1.0155900990758906
9.52952952952953,-1.4645243494837974
9.53953953953954,-1.5938395923291946
9.54954954954955,-1.1587544090431319
9.55955955955956,-1.3425492870547477
9.56956956956957,-1.6338837838414246
9.57957957957958,-1.7462972090856304
9.58958958958959,-1.5422859374458515
9.5995995995996,-1.2012275994285972
9.60960960960961,-1.2626282308800238
9.61961961961962,-1.3451363441042083
9.62962962962963,-1.091033188028955
9.63963963963964,-1.4773690727824575
9.64964964964965,-1.7632282242759174
9.65965965965966,-1.3420071079530005
9.66966966966967,-1.5907094993247421
9.67967967967968,-1.371977444005341
9.68968968968969,-1.316100360276572
9.6996996996997,-1.383955423211089
9.70970970970971,-1.554862280264092
9.71971971971972,-1.7268855245130503
9.72972972972973,-1.7212812988575645
9.73973973973974,-1.593707465766584
9.74974974974975,-1.7749360117367883
9.75975975975976,-1.8503412665535917
9.76976976976977,-1.659975621626899
9.77977977977978,-1.4309349824460538
9.78978978978979,-1.405905897499289
9.7997997997998,-1.2966372938453121
9.80980980980981,-1.8173498979249745
9.81981981981982,-2.1149766772781744
9.82982982982983,-1.689110095517706
9.83983983983984,-2.2062871365226933
9.84984984984985,-1.7855086486331495
9.85985985985986,-1.6009563301633971
9.86986986986987,-1.682280865100571
9.87987987987988,-1.7311654356024202
9.88988988988989,-1.9276082522462015
9.8998998998999,-2.242101227142298
9.90990990990991,-1.812064062599323
9.91991991991992,-2.0250523361790744
9.92992992992993,-1.8175495305693914
9.93993993993994,-1.8514411837492997
9.94994994994995,-1.9373100910340249
9.95995995995996,-2.1582743360467984
9.96996996996997,-1.648340184158585
9.97997997997998,-1.9072955534275522
9.98998998998999,-2.0366802787946576
10.0,-2.3309602182004125
