Year,Value
0,2.4835707650561636
1,5.4890183816430245
2,14.994147736352925
3,23.795489169539074
4,17.850363452286388
5,18.8293152152541
6,26.91719440344003
7,20.017513533263493
8,9.408333116174704
9,8.893140105428774
10,-2.3170884640623086
11,-8.50898865535023
12,-10.545893688019289
13,-25.746741110787937
14,-27.64571948846823
15,-22.811437646204865
16,-24.085285927575192
17,-14.609103224522583
18,-16.295825423455522
19,-13.241858394175411
20,7.328243844607765
21,5.051458385066265
22,12.093346069289078
23,9.056598956431662
24,16.299216703277157
25,20.55461294854933
26,13.266162438791559
27,18.058829979227312
28,8.752511596255442
29,4.721871138532572
30,-3.008533061146977
31,3.081051035045747
32,-11.823191169539125
33,-21.468894532278448
34,-14.908405765387124
35,-26.104218249855112
36,-17.9768123508793
37,-25.97869050689783
38,-18.39663529034162
39,-5.19603370815334
40,3.6923328999770426
41,7.037181293448792
42,11.17746363390825
43,14.674821409552498
44,11.628520374065932
45,16.400778958026457
46,16.71793647110414
47,21.465951018593536
48,13.473796493691777
49,-2.6348608893147105
50,1.6204198469739872
51,-8.105751289580486
52,-15.140315047379245
53,-13.121958443294623
54,-13.866132713423315
55,-15.343599404419006
56,-23.21721794201627
57,-17.726401766755007
58,-10.099387888831654
59,-1.3026142518871993
60,-2.3958711892264644
61,5.252045004179882
62,6.224030175819308
63,10.199306767095564
64,23.083759437874058
65,26.781200142854114
66,18.661079718001407
67,21.1980043769591
68,13.563885171087646
69,2.95474111447331
70,1.8069780275420868
71,1.5098429448309485
72,-11.934835241399208
73,-8.35712160842893
74,-32.11985584635179
75,-15.89048747812388
76,-18.58589498471222
77,-17.675376639828276
78,-11.296901163171967
79,-16.118184460503464
80,-1.0983594391875793
81,7.965902745057695
82,19.14517526955703
83,13.58898879613068
84,14.978662311437127
85,17.491214782077318
86,23.59814091441345
87,17.824095435797403
88,9.106904027014288
89,8.746677053065717
90,0.48538774674022395
91,-1.3371149348344478
92,-15.265970515236209
93,-17.818650620487798
94,-20.981671091563854
95,-27.317574740660593
96,-17.5405289405802
97,-14.875063526599495
98,-11.73013776263718
99,-7.35327555437474
100,-7.076853710252096
101,4.077113273672164
102,10.042132463215538
103,12.168953541390819
104,18.21470176757302
105,22.020254284072692
106,28.452059831955708
107,17.05322895165818
108,13.043456999463306
109,5.808110308668104
110,-9.59385607649511
111,-6.312909264744973
112,-11.454553996144309
113,-3.864129325072522
114,-19.982935149808696
115,-18.492263288331937
116,-19.194689174429296
117,-22.023730075596607
118,-6.041590973274439
119,-2.4206747240651394
120,3.9551597352152053
121,1.6334026135252593
122,18.76967660052999
123,9.171084573537506
124,21.955415794904415
125,30.952278129049894
126,14.068448700249663
127,13.348851239485128
128,12.253961871287693
129,3.6629616169179484
130,-7.753317155330702
131,-5.837525013468748
132,-17.06722361447996
133,-13.812377734323041
134,-23.618251497072055
135,-12.250327974912302
136,-22.937396787584266
137,-17.790647468527325
138,-7.688118959001083
139,-12.334661469668792
140,1.1372996730206129
141,12.71605365891109
142,3.718288873043239
143,17.103509180160426
144,20.320544297145176
145,23.90911435888655
146,12.836376771512649
147,9.57805682207761
148,14.36541287393398
149,7.665263253664879
150,1.2524642517294904
151,-4.4480988400140005
152,-15.155828653741885
153,-15.019071401693928
154,-17.555767959409675
155,-23.57175709013184
156,-9.692257770179301
157,-13.811175282940011
158,-17.712222531862796
159,-2.8975718443298706
160,-4.873408351136646
161,10.115762906211206
162,17.548682940886508
163,12.07692829574035
164,23.838010972124668
165,22.06390463468249
166,23.131431125875554
167,25.664304800768733
168,10.528764465835144
169,2.4116590657115067
170,-4.447572148127645
171,-10.259391312326066
172,-12.141213592919948
173,-14.474580013415727
174,-17.63767632925294
175,-15.86408375481988
176,-18.956120866513547
177,-8.912669501712369
178,-13.078989212039222
179,7.42050594544907
180,3.128336738824987
181,1.8945521054175272
182,6.401242555543808
183,18.592701963714827
184,17.903816399273804
185,23.57000247046046
186,21.38731844877079
187,15.81619532421463
188,7.521736455507476
189,-1.393896235930364
190,-2.232574760334988
191,-1.8983459158815084
192,-10.685236325198405
193,-22.40903378105888
194,-18.15522569664717
195,-18.073413101355815
196,-23.44041750690875
197,-15.411714357771316
198,-11.46466145361956
199,-11.895191376652145
200,1.7889368017413674
201,8.984262519340108
202,17.170961261725864
203,21.449350147673414
204,12.132783486117557
205,15.310874800424386
206,21.596306661946407
207,18.749269642060042
208,14.330943477379742
209,25.44399734077257
210,2.8544525534658156
211,-0.5025116865960069
212,-6.985696228383524
213,-12.923383630969866
214,-20.597476549104762
215,-16.205153897533663
216,-22.885256398590947
217,-17.364432921199004
218,-14.182522784994967
219,-5.770969190567285
220,11.573292833367347
221,-3.1559860754599445
222,15.187005997721927
223,8.116760531550637
224,16.661470996955888
225,25.444752984836832
226,19.34253042138038
227,10.791615997852386
228,8.179186499549552
229,9.578328632172482
230,-3.6518331585855557
231,-5.098046939588986
232,-11.527845846330347
233,-19.43834162552802
234,-8.301409879276449
235,-16.830404888409944
236,-29.14684325919117
237,-15.248068313651906
238,-15.064637369691507
239,-1.9181732135179184
240,-3.9626036921635617
241,5.606657680164431
242,14.280641440751756
243,20.50911585834958
244,13.019648290624216
245,18.327493820795258
246,16.64640377009833
247,12.913693724630447
248,20.582976247254997
249,8.20524844230375
250,-6.304419771675236
251,-1.5910301522251116
252,-1.144924060786133
253,-11.018013584743116
254,-26.617980155673095
255,-22.421170364331257
256,-12.686574579969978
257,-19.718687215592865
258,-9.536607905118315
259,-2.3071696203522243
260,-4.634652357890337
261,5.882713107189785
262,-4.450631654496011
263,11.05840168082744
264,17.75828956893725
265,13.761084090175753
266,27.183186845561245
267,9.02963299769576
268,9.555482612364711
269,6.8340427739295695
270,7.206366445330715
271,-13.359650643396048
272,-5.939886285074612
273,-16.129174582400996
274,-23.928673581142828
275,-17.689482628683646
276,-18.025831848035697
277,-19.181424273293025
278,-11.406694620899481
279,-8.106907871807849
280,0.5675867262561716
281,9.490993260104151
282,19.685789126576225
283,9.991262393364725
284,29.686297199184338
285,10.239561002387491
286,18.262204850725198
287,19.121925919921893
288,13.160664384524683
289,3.066842288396014
290,-1.0406112517863761
291,-8.645344560793147
292,-14.702528830570579
293,-11.932329402393723
294,-17.23605289607779
295,-23.464547976303272
296,-14.52313094873684
297,-14.643842283115923
298,-7.691394451654665
299,-3.032195677880856
300,-4.144975054610577
301,3.379434686513929
302,15.492173071465654
303,19.23219121466621
304,18.916622356082307
305,20.58663691654391
306,25.409454804845197
307,13.222482943319783
308,14.4911919516996
309,5.169376625329652
310,-1.0884060161359543
311,-0.6864556275628919
312,-7.628623300909251
313,-12.112791707495731
314,-12.493736290131423
315,-19.894980791836204
316,-15.611365469428321
317,-17.731673670466336
318,-10.134873283407373
319,-6.831055159337479
320,0.48497982496351255
321,9.156125014683475
322,7.664601629682094
323,26.642276265926263
324,13.99104341840458
325,13.92905693606134
326,24.811684693403453
327,20.138653357313697
328,14.876304131110302
329,9.322067433820392
330,-0.06123386423456335
331,-10.66661174492813
332,-11.376682254880649
333,-19.566148445059397
334,-14.145531658814267
335,-20.735286907510694
336,-23.148616309865655
337,-17.78726909576394
338,-9.691047774471349
339,-8.998962651518799
340,-4.1111019778320985
341,7.398775944958329
342,12.980537901392953
343,13.645624010643228
344,16.66593879781143
345,21.16024968678818
346,11.780708618416455
347,9.143021015616158
348,8.163483939587467
349,5.113104128939895
350,1.5545378279901798
351,1.1964411972489275
352,-7.467406929839296
353,-16.980032537316053
354,-19.11621136541651
355,-25.012646823189044
356,-19.113696005865005
357,-17.623633082099754
358,-10.142112244159144
359,-10.31649460526068
360,2.596732571205773
361,13.844034452511785
362,11.211904303565161
363,18.188898497993666
364,22.47185028445856
365,17.993897640570818
366,20.141592734955207
367,16.243301891408
368,12.244085538593694
369,2.3152909682216682
370,0.12255087129473313
371,-3.6903484312717145
372,-4.499987006874294
373,-11.383985757072796
374,-8.255218038345241
375,-23.836737814440248
376,-14.65952714229971
377,-15.263629858807223
378,-0.80669037976112
379,-10.221831314274693
380,-4.198609210904116
381,3.1833766602786473
382,1.1362264243002933
383,13.55156477909507
384,15.225467018134552
385,20.75196893238104
386,20.729910204788876
387,25.56119408357837
388,16.507824236779676
389,3.2958216091871244
390,-4.4920733567416224
391,-3.720744029966295
392,-18.356871080952597
393,-7.023046058227145
394,-13.12392972229663
395,-22.345878260523524
396,-27.586802971357535
397,-9.410978016672006
398,-12.328404272112689
399,0.008741672368233644
400,-7.972138293971933
401,3.1834647727300243
402,11.781923544440357
403,16.415242856322664
404,16.770802968506864
405,23.114249661737492
406,13.683028178990151
407,15.468442462392563
408,12.357183204409267
409,8.752534057792754
410,3.5580743904447623
411,-11.8035503466883
412,-19.426275899527376
413,-9.79195577800645
414,-17.359560266005058
415,-23.74243268278277
416,-11.26537044829049
417,-15.601966716034863
418,-5.8592191255303545
419,-5.84274748044867
420,10.303739624409975
421,14.957044099714771
422,10.510884303454185
423,21.038194642270646
424,22.248010073828866
425,26.843157787661745
426,14.19651302300265
427,19.61059718749114
428,17.047827480097602
429,-2.613357544616693
430,-5.916292563328699
431,-16.376500776299586
432,-13.102739218072166
433,-12.592628608518929
434,-11.509345065422918
435,-19.629526097901124
436,-10.8780525980466
437,-23.08084717857353
438,-20.272617242625152
439,-6.458078381982178
440,1.9203272446961444
441,6.016866147028414
442,1.4184945456498195
443,15.734739689935003
444,12.498782823378729
445,23.348362744150194
446,20.85412155638737
447,11.480940955862092
448,9.186370459166085
449,0.8842722780545325
450,-0.3133954863658202
451,-1.4046282849924836
452,-16.684335277527204
453,-13.660107309909598
454,-21.672418417765307
455,-23.96436416131172
456,-19.556282125675803
457,-21.356551499595867
458,-14.523951572585634
459,-12.169729350443196
460,9.823625664581693
461,6.356657647357653
462,8.257077505886386
463,17.25023944117014
464,18.459490077448887
465,18.895152002333884
466,22.09196382612021
467,19.967878437735646
468,9.103199307796803
469,3.3012486842757585
470,-1.375258485758318
471,-17.68994571117673
472,-19.3316603568419
473,-9.345968550276275
474,-10.796291758396551
475,-21.24518019778189
476,-16.13834551062432
477,-14.624089114781233
478,3.6386989964265766
479,-0.58246533032594
480,-0.6395879574039502
481,1.4026376844964723
482,3.723473444561563
483,17.19765806683489
484,15.239376599481563
485,12.88873145201163
486,15.788265904690409
487,10.772599869427067
488,20.19141322121215
489,10.588538672246282
490,-0.039863206582753684
491,1.219380806951194
492,-11.36886350761116
493,-20.4867608941403
494,-11.405509939554726
495,-17.305449781576705
496,-24.20736109753539
497,-17.132033277917206
498,-16.13379631277329
499,-13.094338542320914
500,4.6308877376582265
501,15.727423089849383
502,4.76286717675383
503,18.99518607095171
504,15.76791748029381
505,17.56437308117652
506,16.05916070470883
507,11.860386039099879
508,11.998313185573814
509,2.0255893054437086
510,1.35228412889939
511,-6.43153043474475
512,-12.950445280181409
513,-20.718158197706718
514,-21.90498697874472
515,-16.22304387087122
516,-16.516544387781163
517,-21.068116111491843
518,-11.259043518703264
519,-2.4234042706401584
520,-8.347026405606702
521,8.897140849398536
522,8.442586251119954
523,19.03333323046473
524,15.204834543190403
525,10.975589496677404
526,10.88341813648732
527,16.420764620805787
528,13.054317554456976
529,1.6587567619772656
530,3.192962293886928
531,-14.487940198843456
532,-12.086104039086054
533,-22.235420886311093
534,-22.280310864913893
535,-19.76300664341793
536,-23.32319715232296
537,-18.103117608648134
538,-6.72424099977754
539,-9.064799235114716
540,4.178460560325434
541,0.5318056142109011
542,14.404725935425713
543,23.38818299078852
544,6.662907825266583
545,16.015523722647615
546,21.90649096180579
547,15.165112957284167
548,13.611434412706
549,3.1604139539200755
550,0.43294893736442114
551,-6.958726064459183
552,-5.916794737550546
553,-14.908235670992823
554,-17.333117015526952
555,-22.059384830612338
556,-21.459161446265625
557,-18.34313082659703
558,-9.783444333958146
559,-8.285262291600157
560,1.4488742844819273
561,16.557343880725774
562,16.111328563007874
563,14.550222226659555
564,25.027199936722795
565,17.959623134892244
566,8.830507650013779
567,11.139908332912032
568,2.4017454407205268
569,4.4227724672925035
570,0.09209189594811126
571,2.2018466738774958
572,-10.121068177028421
573,-17.27584253154329
574,-14.87410241998556
575,-31.055676545039425
576,-17.843057535360288
577,-12.326013918064342
578,-19.14863627474873
579,-0.4615696714646065
580,1.6924820374720706
581,4.103900317994705
582,14.919614376380945
583,27.533804176520825
584,19.930461601195592
585,21.24110293150168
586,16.724325828201962
587,11.931118040175011
588,15.907384128570921
589,1.8999207579545807
590,0.3578311860971779
591,-8.568627121324631
592,-9.360805917117386
593,-14.512029361063973
594,-13.833430604613552
595,-22.550081994273736
596,-20.370505002369928
597,-21.074158466410637
598,-13.97717134622997
599,-4.293837422274861
600,3.784943083226328
601,1.5695132666107154
602,16.103734646377468
603,22.95852918152368
604,21.088304842021486
605,29.38397906279033
606,15.152184330385275
607,9.957066370941803
608,2.862103801328189
609,13.660561444945241
610,3.2718282817703668
611,-6.458263242050912
612,-10.355861914250355
613,-21.80778512399068
614,-6.792370427818959
615,-19.353894090123863
616,-18.474156352878566
617,-12.551506768005556
618,-9.350658887166192
619,-5.060919766103335
620,-3.9523722772268535
621,8.537681673178952
622,21.165827528224447
623,22.907440118273893
624,26.987063459100007
625,17.443921617844076
626,14.073106224610193
627,15.5514052870009
628,12.034329607292944
629,11.65129747985394
630,-8.462323148574155
631,1.467411709804301
632,-12.545744538744055
633,-18.31474523723598
634,-24.0816522022038
635,-28.274283359328848
636,-14.905277406093592
637,-15.813750051556916
638,-18.205509544554914
639,-12.655733747816942
640,-1.678923496450798
641,14.525447513945526
642,10.457748289031368
643,8.66462512190822
644,17.792415005473345
645,18.636382151261646
646,5.536697111195197
647,15.908865554910001
648,10.601032394805971
649,9.661371711566158
650,9.244780474727099
651,-0.5475147397601106
652,-13.100148498623371
653,-21.712969431207313
654,-6.154331309653696
655,-19.70390782992756
656,-18.951483866338393
657,-16.300965323049205
658,-10.765281242010262
659,-6.902141947118983
660,-2.868310034401201
661,3.4460451812967325
662,11.59193869476951
663,13.463216031830008
664,15.456901412517112
665,20.532151138459483
666,17.74624423879891
667,23.700304830412424
668,-1.4991439961153503
669,11.637874147111244
670,6.230425962488381
671,-16.547291049539776
672,-13.469143016251072
673,-18.03754421747766
674,-26.058688799492145
675,-23.889083437954376
676,-24.574009553232223
677,-7.418987670380995
678,-7.077313080112119
679,0.17743558747165356
680,3.6083603202162933
681,0.5350810314126777
682,9.133103714450286
683,18.627212693638505
684,12.910491281443246
685,23.56499215086194
686,17.819503335112472
687,14.306235849750912
688,15.310504886867056
689,8.401656444929543
690,-1.8048308290953017
691,-0.3836908706773787
692,-17.16102168384893
693,-13.100661852777467
694,-16.055624036061165
695,-21.547732196569953
696,-17.39046521469262
697,-22.435907769425548
698,-7.135569949815268
699,-7.104850569713955
700,-2.613615102595511
701,11.425386016683401
702,8.23398659313547
703,9.138033405681197
704,11.237984458283497
705,23.030049756728197
706,12.61898356342169
707,24.95431079742098
708,1.3460580064308765
709,14.662621728949407
710,1.0550873360130528
711,-6.663905446850711
712,-14.4803004798943
713,-14.184659315738513
714,-19.209303838027193
715,-14.483490589917393
716,-18.449992082592974
717,-15.428831080189557
718,-13.573766106918942
719,-6.465068006104216
720,1.5390088444601195
721,-2.370502075784584
722,5.0147779353208115
723,19.896660357612316
724,19.875457516542767
725,19.080083318236603
726,19.113299991230026
727,17.918248414307428
728,9.05690664430303
729,2.2888162604875206
730,0.9792262754887997
731,-11.072203775574039
732,-9.714441267276843
733,-24.693257908688146
734,-13.875352139274776
735,-17.637012587934784
736,-17.740981654333748
737,-11.266884967771631
738,-3.4283328235366692
739,-1.1084895624086375
740,-9.204371156658265
741,-0.21754494617983333
742,8.631612157371093
743,16.31079513855299
744,21.60942542824872
745,16.371280934232672
746,19.954964148288585
747,12.403425225732382
748,8.698116030889985
749,-0.8529655967421581
750,-4.616166230554266
751,-12.938762915580678
752,-16.635071310735977
753,-10.912130904459495
754,-23.76812477006275
755,-6.8380896758130465
756,-16.554540821498637
757,-15.25615926902475
758,-16.04749394675551
759,-2.678790490454202
760,-2.8781891311893397
761,6.790388960725612
762,24.556127737193112
763,15.70004038887565
764,24.76749695733135
765,16.48411787437056
766,18.84618787341834
767,25.034343065676463
768,8.620869756910775
769,15.242582677484009
770,3.5387596772774947
771,-8.99267376696994
772,-8.59366635057182
773,-11.317567639365127
774,-15.912080514817099
775,-27.851123599452283
776,-22.656816205027383
777,-17.417933065256566
778,-12.12787219135002
779,-3.076979399745639
780,0.888505004665936
781,-0.4963819060515702
782,13.656694300879067
783,19.233268613918096
784,21.820082565558213
785,25.403903627773108
786,23.190741098647628
787,18.47624028364135
788,11.404876488556267
789,-2.1244647800807233
790,2.1480910956629096
791,-5.141901451683175
792,-10.397810859872209
793,-22.564082766600404
794,-24.426413027944257
795,-14.734235733335481
796,-19.21890609518645
797,-12.772836400635837
798,-11.614113165197372
799,-6.031559190020172
800,4.691419029879792
801,3.600116246411655
802,12.236308930554278
803,13.868963443973517
804,16.848649188741476
805,18.454139382656802
806,20.13179918407163
807,13.7865967791817
808,18.034485673716997
809,1.7073033764015841
810,-0.9343582208063836
811,-8.378995178869737
812,-4.520815624080522
813,-15.197566004941061
814,-13.861907628559813
815,-27.42780186518486
816,-17.685878996557012
817,-11.732185909381693
818,-11.344285099472446
819,-0.8529380121725527
820,-2.586442250502488
821,13.227077088427096
822,23.25019566394572
823,14.366147085300515
824,16.793617718899064
825,27.266922385588504
826,26.918991054556585
827,13.566039751732664
828,9.654770960370456
829,4.7714168431969775
830,-6.722252555171679
831,-10.773599619919983
832,-16.776408879609637
833,-20.019327713019326
834,-19.194554762836763
835,-18.828926337317398
836,-11.268627861832705
837,-21.172110091193083
838,-6.834093053466996
839,-7.2502841086261824
840,-0.2473185482620863
841,9.554437348331804
842,6.14209493803763
843,18.09238861841881
844,19.85339136696842
845,22.462256320040744
846,20.466973545442247
847,28.45684058705373
848,8.567005124592589
849,3.525355112489754
850,-3.1157026321236847
851,-8.957725483299855
852,-14.942640682381537
853,-10.23525723196134
854,-11.918609085953799
855,-22.85373146874738
856,-23.182908191424367
857,-13.823262105567366
858,-14.5168202672542
859,-3.015680798721493
860,1.0146151042561458
861,-1.3983806874877835
862,19.4932310525
863,25.159728252976578
864,15.957186873481074
865,18.061492200320078
866,20.450457279527814
867,17.85262383743397
868,15.048426409213672
869,16.231362581331
870,-0.8847361374696786
871,-10.171826110191521
872,-18.652301185922155
873,-19.834990087208443
874,-19.186765190271924
875,-11.027210682411061
876,-21.609186821083863
877,-15.061400129304477
878,-11.837819526213455
879,-0.2383735202590369
880,12.634662129367324
881,3.5259960228974445
882,9.308507833258234
883,21.401144272844075
884,22.430587774034432
885,29.23353662868017
886,21.94077125253289
887,14.3838794335638
888,14.708979199311415
889,11.723857790414202
890,4.102410905986683
891,-3.6439697319623536
892,-6.4223315979033995
893,-10.333861935270226
894,-12.110335370715521
895,-16.756450562051786
896,-19.856720727487414
897,-15.446771455332609
898,-5.723160213308258
899,-10.265018242434966
900,1.8433665443644276
901,4.213645825861834
902,11.899429160523084
903,22.572599200535624
904,19.976625666002608
905,20.232182740780743
906,12.221849621003612
907,19.911607717635455
908,14.983125951554676
909,16.996613504026293
910,-1.5388911747647103
911,-5.084588249178737
912,-10.508786627295967
913,-8.293073488681634
914,-19.497607987837785
915,-18.604892371148303
916,-15.981647777320575
917,-15.24729427171702
918,-13.987873118602112
919,-5.209889923007659
920,5.368158749298351
921,1.0477633904429267
922,12.420553416583946
923,12.679735812803012
924,24.99636347052717
925,12.384065476081126
926,16.226521089545045
927,18.066399262821538
928,19.58332519202135
929,5.851588582134462
930,-2.7759976334652667
931,3.225445459703847
932,-18.995774547930612
933,-27.17436967059916
934,-16.82105807563623
935,-22.510271121763054
936,-24.12729441155662
937,-12.638557651002296
938,-10.536701476993827
939,-9.00073304118325
940,-6.401521993354276
941,10.542626528899621
942,15.006710935642523
943,15.684460568601711
944,28.25431530614115
945,14.649576168369236
946,11.393504471279428
947,12.720799538092965
948,11.527774964072508
949,7.39703713411219
950,-1.2061802892816298
951,-4.420062904927209
952,-18.013402166801264
953,-8.9615168671322
954,-19.43188621786595
955,-14.413520842059363
956,-17.307503594014666
957,-13.896573791730395
958,-8.906868644688231
959,-3.941797087412361
960,3.2136137993374847
961,12.826102538160644
962,12.738310894356221
963,19.725358675441605
964,18.57245185446691
965,27.200586077247365
966,15.639168815606904
967,25.185042052052854
968,11.554915292627708
969,-0.9735356230911005
970,0.6405220745543971
971,-9.585598174872686
972,-7.552487300905993
973,-19.44345978401087
974,-21.25204749197687
975,-29.447703654727654
976,-21.282661922148353
977,-28.299736520643684
978,-19.675219163278214
979,-2.378266606777858
980,3.9290007932534943
981,8.307627696423982
982,6.920824330203375
983,15.941783106788886
984,19.003117630450067
985,14.208176554037287
986,26.53812183473879
987,20.567151340377386
988,10.650884176701453
989,6.314769082472205
990,1.0419140397375075
991,-16.389014229620408
992,-12.991591958452249
993,-19.590261127487654
994,-24.02923037537742
995,-21.405501464429776
996,-10.032697691655493
997,-12.976125581164105
998,-14.611599994763932
999,-3.3174259807178816
1000,6.99677718293005
1001,10.803508302062593
1002,12.053856895449963
1003,12.945655998970665
1004,22.512246893971074
1005,21.967426927108747
1006,23.497096426041836
1007,19.35619889590913
1008,17.003468622446796
1009,3.504163829696039
1010,6.586970328171805
1011,-5.192341864036546
1012,-1.37940068272259
1013,-19.626278977946914
1014,-10.341311310076811
1015,-19.010446082686762
1016,-22.278220343975477
1017,-18.599769057771017
1018,-13.357441586820977
1019,-4.059510155489502
1020,2.614177440177106
1021,3.311839867805445
1022,11.633932084544748
1023,26.891691680558264
1024,27.658846176406552
1025,22.18161834837016
1026,19.211147716744307
1027,16.780496521090175
1028,14.823294909501636
1029,1.0663770615072625
1030,-1.286882687116118
1031,-14.523260256887163
1032,-9.759589432823091
1033,-12.944360188985115
1034,-21.437062637399798
1035,-12.130066183549836
1036,-25.149958640914722
1037,-23.502214288548096
1038,-10.633445953049865
1039,-0.9448483744387222
1040,8.419638457289658
1041,3.88591857315431
1042,17.149109213005794
1043,15.987797539995157
1044,18.157993826198762
1045,24.41829968743336
1046,22.282744717970182
1047,8.298379102577872
1048,19.13840679447938
1049,13.080796658236956
1050,-3.1278135075477453
1051,-4.20132222031176
1052,-9.285554114435445
1053,-14.876971058379034
1054,-21.772656095130248
1055,-23.358116839690258
1056,-19.14890068086038
1057,-10.316694791202424
1058,-9.037704272877914
1059,-8.033411547929354
1060,3.858493553241606
1061,-8.062373215651776
1062,17.499533547709483
1063,7.481770993608611
1064,17.20892561888742
1065,14.40165052686928
1066,12.54772294729869
1067,21.98447382439197
1068,9.417199039289873
1069,7.912859296152607
1070,-0.23460289439558724
1071,-3.7951357513827872
1072,-11.371595590547514
1073,-22.59530100844183
1074,-14.039796228667313
1075,-22.468782915806564
1076,-26.80403981920204
1077,-18.320915692328395
1078,-4.251906092677949
1079,-1.9292311769317685
1080,-1.7432606720398447
1081,4.434051365906045
1082,10.147529789762624
1083,26.56407980530306
1084,20.930807587060713
1085,22.150208235955347
1086,24.17254759606221
1087,17.374285682631527
1088,10.460494316746162
1089,5.198590642074548
1090,-0.3580062970695554
1091,-6.3664510700482735
1092,-8.11755732766446
1093,-15.920610458462232
1094,-15.357929939824984
1095,-20.40358290054291
1096,-18.627954374322613
1097,-26.171343310159628
1098,-7.174066672337447
1099,-4.44789750800968
1100,4.990050549298418
1101,-8.300937003469585
1102,22.197578569752825
1103,15.482391746722735
1104,24.562044409590747
1105,14.800470364372345
1106,22.084999851215983
1107,10.913262071630932
1108,8.636860242371
1109,15.750496656832699
1110,-0.9534120038166741
1111,-5.093175521600042
1112,-7.4053663924052415
1113,-13.70193044763545
1114,-18.269035800185215
1115,-18.175194987668874
1116,-7.004052399711826
1117,-16.468433872667266
1118,-10.750209812274443
1119,-0.9270679074609118
1120,5.527629664789645
1121,12.115491415300351
1122,14.949356155994762
1123,10.4653153238466
1124,27.188287987408508
1125,14.26827303490656
1126,20.53430765209843
1127,12.408960637402007
1128,11.435013312884493
1129,7.824151939016581
1130,1.6067860772518552
1131,-4.0707361163218225
1132,-3.6871487005563477
1133,-13.91266837992899
1134,-20.241913502356205
1135,-15.179564158558215
1136,-13.07377788128013
1137,-22.318378963183886
1138,-8.768704696600341
1139,-2.674476175944892
1140,-1.487817516800665
1141,13.05887395405722
1142,11.005427110686776
1143,16.808222154856473
1144,18.15577120448355
1145,20.077895237907338
1146,13.53975489142704
1147,8.98008547452758
1148,19.728230361974667
1149,1.945533145907949
1150,-4.956961747281752
1151,-16.94729045551749
1152,-14.950513784296746
1153,-22.795788854536127
1154,-10.811054525220985
1155,-14.950914553286829
1156,-22.461882051791733
1157,-4.918160860777633
1158,-6.846877610892009
1159,-7.804496805041824
1160,-12.497028574367866
1161,17.63505275045242
1162,4.80784271203108
1163,7.953346152714049
1164,24.133982485951318
1165,32.19876203169636
1166,25.942494418455773
1167,18.9998854877611
1168,14.729476754175664
1169,10.447417681400456
1170,3.794642948934041
1171,-4.774382767651628
1172,-11.234699526089504
1173,-16.493305526996664
1174,-22.79095327023643
1175,-21.40337538433387
1176,-27.485914396880176
1177,-16.67203802147318
1178,-16.698660581603995
1179,-11.698286473577976
1180,0.8994707557669611
1181,13.140351319221299
1182,16.347288075861194
1183,8.327836869383038
1184,14.072989643051294
1185,24.70385593994108
1186,14.108693358211767
1187,15.057174137513766
1188,14.505965540972342
1189,1.3386176131811505
1190,0.5268775307304462
1191,-12.8504673620902
1192,-14.762543265605526
1193,-14.581430216786112
1194,-26.986098993561264
1195,-17.797626310198005
1196,-19.119319320536437
1197,-13.417890115413279
1198,-10.636134375526451
1199,0.6403622623696892
1200,0.6261225132386741
1201,4.033312181872708
1202,12.3671925610107
1203,18.89683003268061
1204,19.26543067753137
1205,20.202958456019413
1206,15.51117188686932
1207,12.8658352997444
1208,4.742678686851463
1209,14.928223603434434
1210,-6.219316176956484
1211,-9.644865876478304
1212,-15.347741373695095
1213,-11.705718002776337
1214,-20.495878717363272
1215,-13.76128963663133
1216,-22.388583447122507
1217,-14.785369076380263
1218,-15.932440312148893
1219,4.545405751368081
1220,-5.93799209514772
1221,7.7294434386337
1222,14.924589450509425
1223,18.24933537475658
1224,18.094692031514523
1225,19.35089650133287
1226,19.240187685798777
1227,15.445329879356954
1228,16.575100629823908
1229,17.232954895455823
1230,-2.7874589250387958
1231,-13.029354785393746
1232,-12.197115287605953
1233,-3.2817931992273675
1234,-23.039503165751654
1235,-11.804415972779662
1236,-10.632626255521092
1237,-18.94828109603883
1238,-8.91078964992316
1239,1.9616432281434193
1240,-1.8956387049380234
1241,5.162438086986344
1242,8.847300476106284
1243,11.106556234034498
1244,15.7747426005729
1245,13.880298666188718
1246,19.191547667199142
1247,12.330473732205771
1248,12.924634604803448
1249,-1.5991383435186597
1250,1.6544011610730889
1251,-2.0126950794544056
1252,-21.724383258706606
1253,-14.310057038260844
1254,-12.882785363536406
1255,-26.048205093456026
1256,-10.658268391714563
1257,-14.085244840668883
1258,-15.280764324641929
1259,-6.459185275788211
1260,2.7916345626087296
1261,6.560366844560881
1262,14.449485008081
1263,11.576971922101748
1264,19.86793444608319
1265,12.9314275154751
1266,18.465000019159646
1267,11.660801680175288
1268,8.078055332901224
1269,12.360805763550992
1270,5.456550602971443
1271,-3.1346492829627337
1272,-17.217268869211875
1273,-17.762382135972462
1274,-12.955641826007167
1275,-19.291415431800477
1276,-7.42448262599474
1277,-14.213750690527501
1278,-10.795459463399157
1279,-7.725922208511517
1280,0.667704523911098
1281,5.417990705595695
1282,15.296248429291758
1283,20.963851471471916
1284,15.091183023363268
1285,13.34383523221111
1286,9.840103460386796
1287,18.72029652206154
1288,6.238872014980119
1289,-4.584113077263199
1290,1.9428930226553496
1291,6.284657699665745
1292,-11.786059603549019
1293,-11.987886015240658
1294,-18.611983533165127
1295,-20.494448265955715
1296,-14.425747910964152
1297,-17.631712608442204
1298,-10.418743475490148
1299,-4.571850856519352
1300,-3.3404522682159885
1301,11.140551635181698
1302,10.880906262372333
1303,12.401614090034515
1304,21.7036795437549
1305,15.507660091044814
1306,19.1620361127487
1307,16.134744904278055
1308,17.185182875007726
1309,8.553831051899389
1310,-0.12513479372589612
1311,-2.0915083914974435
1312,-4.8046673007626355
1313,-13.391288355739304
1314,-18.969367226685915
1315,-26.5591811617508
1316,-24.34669864127999
1317,-17.70646340927254
1318,-14.803266056646427
1319,-7.11519640242598
1320,0.28324962448549673
1321,8.828803659282329
1322,11.40321115555357
1323,18.612848106629496
1324,19.343502399953707
1325,10.122667168230643
1326,14.324453356809421
1327,15.459902108891251
1328,5.707231331644649
1329,9.179983537479977
1330,7.653754161718742
1331,-0.0865306290118859
1332,-12.822919400499895
1333,-8.726709203249271
1334,-18.27779303989248
1335,-21.685429855590197
1336,-22.088143643607957
1337,-17.692688319940096
1338,-13.696589138555584
1339,-5.32825877562172
1340,0.8028699052488526
1341,6.195569988265337
1342,13.940395894581348
1343,22.133571261430607
1344,23.76890100310959
1345,12.575510157750482
1346,6.2515246513935505
1347,20.851939443695283
1348,4.921311553772507
1349,5.056512878035947
1350,-5.850565130296112
1351,-15.19024207539924
1352,-9.048391404825484
1353,-12.384564085985541
1354,-21.9036823295365
1355,-32.95521146072455
1356,-21.752352567165456
1357,-14.22131986048631
1358,-19.15026288972043
1359,-5.263540288603791
1360,-0.07654924586474246
1361,9.076797385504378
1362,12.353606887920016
1363,11.314995183090868
1364,25.003987834225295
1365,19.20735213486515
1366,18.88460762835345
1367,11.514000092133186
1368,9.539293789892413
1369,1.7563263173652697
1370,-0.8647302996171347
1371,2.3782025132129867
1372,-18.61521076050586
1373,-24.248146876882224
1374,-11.66527868843508
1375,-21.04661838575933
1376,-22.366494019202758
1377,-10.980816450518912
1378,-14.78378274453446
1379,2.9497086802357835
1380,3.3896293566961497
1381,3.7407828467700113
1382,22.542246112176418
1383,13.15176527248237
1384,22.73160718594959
1385,21.49646290203246
1386,25.529836772897234
1387,23.987895871133684
1388,11.915725791178225
1389,2.4132505357681864
1390,2.2998607146959937
1391,-9.568916736258851
1392,-1.6887688082156131
1393,-15.497663232085248
1394,-20.847738082463533
1395,-19.076598470675457
1396,-25.75676177355179
1397,-21.038410080052135
1398,-5.75363550612744
1399,-9.464811282356287
1400,-5.234554913410325
1401,8.863603650134547
1402,17.684225819164453
1403,19.775106440824146
1404,24.001368754932006
1405,16.216024557152696
1406,11.912076992193803
1407,23.68700814727644
1408,10.142305851639064
1409,4.926174805224276
1410,6.640970709246132
1411,-3.399189840495692
1412,-9.476266185441261
1413,-5.355328162993263
1414,-22.238721477803573
1415,-15.360799359593814
1416,-18.736064701417668
1417,-14.837378493182845
1418,-4.113362913787256
1419,-3.6411611060515994
1420,2.6914803952482433
1421,11.5428765740478
1422,9.930941398134696
1423,11.984291550803523
1424,13.797084355797972
1425,10.16821705311999
1426,29.30216597560477
1427,10.664298058890843
1428,10.649436927921231
1429,4.796273388054239
1430,1.5370334890456407
1431,-2.1016538248020975
1432,-7.4533376040502235
1433,-19.095727080343124
1434,-19.85673889483513
1435,-18.587100247558503
1436,-20.26458595682096
1437,-8.143612007399422
1438,-9.300830287658087
1439,-2.5059509572499596
1440,3.314406343336711
1441,12.047709174925
1442,12.66081283936731
1443,9.696180147719737
1444,21.019570084666213
1445,16.743215531040853
1446,16.378046917154506
1447,19.11215998127431
1448,17.9471204030177
1449,6.28669777117956
1450,1.5441650629953871
1451,2.330734835678019
1452,-10.55193914840668
1453,-3.171924316596872
1454,-16.193582097745217
1455,-28.80381379577909
1456,-15.254422220380695
1457,-14.274547963085082
1458,-5.306941275435967
1459,-2.814433131149665
1460,-0.692279919919653
1461,0.0588487060522187
1462,10.710588759419219
1463,11.927737616452214
1464,16.11851307687926
1465,22.94289202210305
1466,27.370652847660104
1467,18.153697536614004
1468,5.776289735673947
1469,8.403353228600364
1470,5.983157433228118
1471,-9.229254409095754
1472,-12.42579087921376
1473,-16.106898913852604
1474,-22.945621891314005
1475,-16.758597830780705
1476,-19.625871068942047
1477,-14.082677667964084
1478,-16.193165934860545
1479,-8.367631389115838
1480,3.6119067891387786
1481,4.316174127039803
1482,20.390524302016022
1483,14.18215895942545
1484,20.14455395466252
1485,24.662954159365448
1486,11.92930166123805
1487,7.37629582759547
1488,4.127423472998824
1489,12.493260404634903
1490,-2.7592907294619398
1491,6.610656540842828
1492,-14.576943039135763
1493,-15.257583371513821
1494,-11.310580563063645
1495,-9.969535559204385
1496,-8.713612442721283
1497,-10.138508734533765
1498,-6.6353924167921585
1499,-3.2177051414932816
1500,3.8918053808326794
1501,3.4244113058555605
1502,7.664710628738031
1503,16.16346760044412
1504,18.170207213278317
1505,17.733859753363625
1506,22.503067563186917
1507,20.95686593035149
1508,12.197739477308883
1509,13.567990292775711
1510,-5.7084455706668
1511,-7.148637183897694
1512,-15.339816648863419
1513,-25.51302297286405
1514,-19.434533755116387
1515,-20.60873754191642
1516,-11.4538816096924
1517,-13.026281464725175
1518,-16.876639167495846
1519,3.090122944171336
1520,6.105168477625824
1521,9.090828404841977
1522,10.623284551600058
1523,11.383143703881228
1524,17.16009644554756
1525,25.44374309852093
1526,28.444061855576166
1527,23.896557528860132
1528,9.311457936918625
1529,0.582252721054755
1530,0.7044312345560392
1531,-15.02253671531295
1532,-10.139866474925135
1533,-16.918352818991842
1534,-21.351312835244318
1535,-27.97351533633398
1536,-16.453129793054604
1537,-18.843844085808872
1538,-17.60528922440161
1539,-20.541650953907183
1540,-0.13757452525341637
1541,15.041597870847209
1542,20.06200111858822
1543,13.894858604567682
1544,16.010070024094137
1545,22.34387128037512
1546,14.029203129961797
1547,17.689299386596772
1548,15.586106437772877
1549,12.315006006920678
1550,-0.5007703823993133
1551,-7.1987086383831125
1552,-16.14561797963242
1553,-20.314741657698214
1554,-20.153524785410607
1555,-18.16317246591911
1556,-14.453207194737075
1557,-20.196234640900624
1558,-4.29226220105199
1559,-7.535957892712189
1560,-0.10683647174284708
1561,2.444281491758961
1562,-0.3654962555152679
1563,20.600566869304032
1564,22.705349811365075
1565,18.593362214408934
1566,19.356083912027398
1567,18.760035976019527
1568,3.9429757614170597
1569,3.5350765007680773
1570,3.9713233981100178
1571,-12.451787003345201
1572,-10.287915385016118
1573,-22.963248910615686
1574,-16.68898041373521
1575,-20.178207411487417
1576,-27.096789405430652
1577,-10.356643115213299
1578,-15.428662929840193
1579,-10.231602072571661
1580,1.0028459861547536
1581,11.923526634642325
1582,6.676595950957108
1583,16.488739136738392
1584,21.16521282755564
1585,23.46552803631572
1586,19.903338102289297
1587,14.34520069208267
1588,7.617753942606524
1589,6.6110593027307525
1590,-5.360695059927859
1591,-20.78709230497158
1592,-9.572906025060577
1593,-11.660665682067428
1594,-30.83579250361225
1595,-25.04865352354969
1596,-15.925359020877247
1597,-5.892862538940914
1598,-11.651736507472338
1599,-9.820354593644756
1600,-0.9144822055245927
1601,13.054721983239265
1602,8.525884150226066
1603,12.184379854247677
1604,16.607412714992833
1605,15.233356958706437
1606,19.63448190587728
1607,24.30373217984667
1608,13.371101411429699
1609,4.918572376867852
1610,-1.459056344577113
1611,-13.99629393098142
1612,-7.3401561601136915
1613,-16.56952587256283
1614,-19.923529893856056
1615,-4.034462160775696
1616,-17.527365784074586
1617,-19.939295137974916
1618,-13.887493026877442
1619,-0.43811134151571984
1620,0.5663520526879992
1621,-1.0110500040878234
1622,16.351849718725333
1623,12.839619459803723
1624,28.387619206990585
1625,25.400240328573243
1626,16.78452084760933
1627,22.585421696174684
1628,12.094982598486917
1629,10.444208263110797
1630,2.4236640864734125
1631,-10.41212316245209
1632,-14.97345420743553
1633,-11.03053579959343
1634,-20.695006986435853
1635,-22.018242316209985
1636,-23.796743222649916
1637,-14.062344559531942
1638,-1.4430804496343494
1639,-11.51800445877127
1640,0.12109728336253602
1641,13.241442664574665
1642,11.35749808962131
1643,18.442198868747777
1644,13.709162685168682
1645,22.141535486038244
1646,18.085409000880475
1647,21.108989865898685
1648,17.692635303674003
1649,19.12815809759318
1650,2.8981658660693483
1651,-4.5513583045886445
1652,-10.783783537963028
1653,-17.946171351552422
1654,-17.328711108594558
1655,-21.477007050695146
1656,-18.178825444555212
1657,-9.592352209459701
1658,-16.78841787224863
1659,-0.4809470818550885
1660,6.585575336699915
1661,5.589997252543877
1662,1.1464305508065635
1663,13.141229952026695
1664,25.50610305870849
1665,19.88565968850559
1666,14.024619164428795
1667,13.65646528135854
1668,15.958805178373362
1669,8.914007728505254
1670,-1.1946604958488443
1671,-8.014461946572503
1672,-13.71449579106847
1673,-20.79239080999124
1674,-10.944251878555672
1675,-21.6116023460567
1676,-12.935337721775936
1677,-8.573759627887496
1678,-6.764150555109131
1679,-8.338441451088805
1680,2.0186504516832042
1681,6.05936185554428
1682,7.237195742198546
1683,17.80213629610662
1684,13.125931370103801
1685,25.93839694230782
1686,16.69804383941152
1687,17.18613816686274
1688,13.17214440357982
1689,4.885815018978381
1690,2.9334690073764325
1691,-8.55485817061128
1692,-7.399218558562792
1693,-22.910238288732216
1694,-18.389232428170686
1695,-10.305355004708577
1696,-24.022786948930722
1697,-19.56906474012293
1698,-9.186165797554706
1699,-5.282430977800982
1700,1.7531504963675217
1701,8.626275538236769
1702,14.929312388657689
1703,21.728839097279465
1704,21.07022361054524
1705,18.793711726907286
1706,22.38399883191657
1707,25.679749561974873
1708,11.09253631393659
1709,1.3076933641459707
1710,5.535403346435354
1711,-6.782245707266238
1712,-22.619052775918846
1713,-11.943231501746112
1714,-21.69777125567223
1715,-20.452666411520802
1716,-17.36122867305791
1717,-15.227841488603593
1718,-8.208445960154434
1719,-8.3577717403486
1720,2.565528990879708
1721,4.882606499578455
1722,15.449757450286006
1723,19.25717730756336
1724,14.34393681568027
1725,25.42991058087516
1726,16.34131310033281
1727,20.220628878904776
1728,13.592141612856508
1729,15.371258271475199
1730,-1.1173299118583397
1731,-7.9269238680888225
1732,-11.852803075286978
1733,-17.69623880167068
1734,-15.021420816192933
1735,-28.08155304218294
1736,-24.289542421634884
1737,-21.51935449539514
1738,-7.004167085982102
1739,2.372726975409833
1740,-0.5222460926884942
1741,5.336231271547577
1742,12.105965861415887
1743,21.98973140054013
1744,14.384364654950245
1745,21.191844913673926
1746,23.897118474815333
1747,18.68581073719853
1748,12.70361312884387
1749,11.185570350335704
1750,-13.516161464994834
1751,-2.7909632898450503
1752,-15.026083461486923
1753,-25.333504371781338
1754,-16.465117328278144
1755,-13.131707274185212
1756,-19.708372899041706
1757,-11.415967151484738
1758,-3.6943137559071015
1759,0.3942323804200347
1760,8.199822646855397
1761,9.890977342858845
1762,12.132873240357595
1763,8.170510828013082
1764,17.790817885253237
1765,15.783767023419042
1766,29.875843913392384
1767,15.300910825337873
1768,12.37172907977293
1769,8.937766767702746
1770,0.21801223186177843
1771,2.2949153146545864
1772,-14.868951854521717
1773,-15.207302611312583
1774,-22.733483254393157
1775,-26.60011255610353
1776,-22.07997578042981
1777,-16.365523872741743
1778,-13.902216168436976
1779,-9.642444786867731
1780,-7.031587318358895
1781,5.764812024355498
1782,4.232103175694269
1783,19.980619705946687
1784,19.433329090575366
1785,12.712242502675348
1786,17.47508494065413
1787,12.419557859546897
1788,13.351577597944914
1789,12.88259211761438
1790,-9.37586234822878
1791,-5.605209491761682
1792,-12.55636902368231
1793,-12.823639505246216
1794,-17.955147184714335
1795,-23.759846658694094
1796,-20.616400004236603
1797,-20.160469171516045
1798,-6.375669352856195
1799,-6.0737816441391494
1800,9.505953428764881
1801,5.877035818425459
1802,8.213671211296619
1803,8.611767924434284
1804,10.00543194462299
1805,12.079320284972551
1806,20.356763580960298
1807,18.7239650036484
1808,3.8497515356886938
1809,10.655531457879643
1810,-2.4153052584168253
1811,-5.446374827570611
1812,-3.694601904571636
1813,-11.696143308170633
1814,-20.363783565431813
1815,-24.455961127076435
1816,-29.78020733254947
1817,-19.776106483710958
1818,-12.811356239988008
1819,-11.11623752325519
1820,-0.6562848354621115
1821,6.564599302291994
1822,10.63142513680819
1823,12.930326983380866
1824,19.86440368573692
1825,22.209703247847045
1826,13.569134938688782
1827,23.23500178623033
1828,11.2627643844284
1829,6.274588002223715
1830,3.541072116283589
1831,-5.014259231180439
1832,-6.990021876282185
1833,-14.744719061488915
1834,-22.08331719910541
1835,-18.19248237396949
1836,-24.73976136250639
1837,-15.637541358616494
1838,-11.921854999072188
1839,-7.220924173862379
1840,-0.6426875571956728
1841,-3.2289053399904537
1842,9.012080507143427
1843,16.64456439320482
1844,19.820412285890153
1845,14.86162429537021
1846,25.34966953022665
1847,11.849465646426733
1848,16.60299104848374
1849,8.31631169685831
1850,-3.231136549217781
1851,2.696214575550022
1852,-17.7238892046323
1853,-11.584569019449113
1854,-14.018218735688192
1855,-23.353101045383223
1856,-12.058803825581567
1857,-17.430572460494126
1858,-10.312236899450948
1859,-4.878730693643988
1860,-0.6715437073541893
1861,10.234381253298405
1862,15.72314864861079
1863,7.437680021308092
1864,25.54283154029378
1865,11.687540059821629
1866,24.183861347611565
1867,21.813865571637407
1868,6.300872894774417
1869,4.126268447727371
1870,-5.528523342430287
1871,-7.254945038942967
1872,-13.295876466778259
1873,-12.282037226152168
1874,-12.46958659530491
1875,-13.02158094605022
1876,-21.831970458794856
1877,-17.226449256222253
1878,-20.172896006955334
1879,-10.209690219979283
1880,4.824258165487681
1881,14.258254005240243
1882,5.583960686449767
1883,13.218018591734268
1884,18.88910154110825
1885,21.400805794098034
1886,14.973112726295184
1887,18.300645109820188
1888,9.386508310496176
1889,6.1080785331071485
1890,2.731421240018321
1891,-6.148228538444191
1892,-13.937634498482046
1893,-16.72838890712777
1894,-19.462945121929494
1895,-21.85005514941064
1896,-20.31511063923899
1897,-8.187104034976285
1898,-8.951107806142899
1899,-7.657741477644551
1900,3.4847720225536394
1901,4.511242438718625
1902,17.621328233782233
1903,18.02855084848896
1904,18.484619605881605
1905,22.238584629051388
1906,11.166749565561048
1907,10.546502542949636
1908,5.786080013853987
1909,6.895055361317487
1910,8.662574997425713
1911,4.976160843464692
1912,-8.565449538645069
1913,-13.676117512776074
1914,-28.02641899666638
1915,-22.71336899867011
1916,-22.960049085444105
1917,-19.284577878754366
1918,-12.596424138773388
1919,-8.540792775984794
1920,-9.89649905187941
1921,9.919891168085933
1922,6.391989917149646
1923,17.37657420805398
1924,29.391543674652485
1925,15.403077042067883
1926,6.369692712171325
1927,14.75031877809836
1928,17.260503220842466
1929,15.972077158602334
1930,-6.147747972261398
1931,-3.6968437713154514
1932,-14.082257329748773
1933,-16.710081659018787
1934,-5.79941359081808
1935,-27.514851641975767
1936,-17.752432018430174
1937,-13.841874028671874
1938,-6.326773421153053
1939,-5.690424120145092
1940,1.5402526975196102
1941,4.222097050388899
1942,13.101339752073867
1943,14.464378510012263
1944,22.12898977518344
1945,18.15194831978183
1946,20.906632295414042
1947,16.034025819074273
1948,17.385956299710806
1949,5.923371269557343
1950,-8.86516234103329
1951,0.12926761607231008
1952,-16.284366550163092
1953,-19.449171580743286
1954,-21.999436796120584
1955,-13.127809534145914
1956,-29.699501395796652
1957,-0.4915972191993241
1958,-6.47542100051988
1959,-5.064145316854181
1960,-0.27447000308276465
1961,7.608110261785729
1962,14.361317187746511
1963,19.40641781724935
1964,21.7991526559203
1965,20.447903406276243
1966,18.034438224366614
1967,15.423973469231862
1968,10.781163644086908
1969,11.849190371835508
1970,2.967783611405858
1971,-20.882283060820804
1972,-8.476201163200841
1973,-15.206658913905061
1974,-19.114674108132476
1975,-21.94259226544443
1976,-13.40056672597324
1977,-11.442707576885256
1978,-15.620093384968532
1979,-4.145078451877714
1980,-4.85828367270592
1981,-0.717750936445456
1982,8.622118922899645
1983,20.492307249412605
1984,23.786755552783358
1985,22.565427100486467
1986,22.64660926014336
1987,18.761231323074465
1988,8.548297069735899
1989,8.339952610868135
1990,4.0020476261381175
1991,-2.4088832384311205
1992,-5.811138188476084
1993,-12.638820651493363
1994,-17.263889288194942
1995,-14.649248808417862
1996,-19.15373662214874
1997,-20.589713143638388
1998,-12.571039865567815
1999,-9.904853111530883